Workbook

Sheet Summary
A1: Progress summary (auto-calculated from the 'Practice 250' sheet)
A3: Sub-topic | B3: Problems | C3: Easy | D3: Medium | E3: Hard | F3: Done | G3: % done
A4: 1. Arrays & Hashing | B4: =COUNTA('Practice 250'!D6:D23) -> 18 | C4: =COUNTIF('Practice 250'!E6:E23,"Easy") -> 4 | D4: =COUNTIF('Practice 250'!E6:E23,"Medium") -> 13 | E4: =COUNTIF('Practice 250'!E6:E23,"Hard") -> 1 | F4: =COUNTIF('Practice 250'!I6:I23,"Done") -> 13 | G4: =IF(B4=0,0,F4/B4) -> 0.72222222
A5: 2. Prefix Sum & Matrix | B5: =COUNTA('Practice 250'!D25:D34) -> 10 | C5: =COUNTIF('Practice 250'!E25:E34,"Easy") -> 3 | D5: =COUNTIF('Practice 250'!E25:E34,"Medium") -> 7 | E5: =COUNTIF('Practice 250'!E25:E34,"Hard") -> 0 | F5: =COUNTIF('Practice 250'!I25:I34,"Done") -> 1 | G5: =IF(B5=0,0,F5/B5) -> 0.1
A6: 3. Two Pointers | B6: =COUNTA('Practice 250'!D36:D45) -> 10 | C6: =COUNTIF('Practice 250'!E36:E45,"Easy") -> 3 | D6: =COUNTIF('Practice 250'!E36:E45,"Medium") -> 7 | E6: =COUNTIF('Practice 250'!E36:E45,"Hard") -> 0 | F6: =COUNTIF('Practice 250'!I36:I45,"Done") -> 0 | G6: =IF(B6=0,0,F6/B6) -> 0
A7: 4. Sliding Window | B7: =COUNTA('Practice 250'!D47:D58) -> 12 | C7: =COUNTIF('Practice 250'!E47:E58,"Easy") -> 1 | D7: =COUNTIF('Practice 250'!E47:E58,"Medium") -> 9 | E7: =COUNTIF('Practice 250'!E47:E58,"Hard") -> 2 | F7: =COUNTIF('Practice 250'!I47:I58,"Done") -> 0 | G7: =IF(B7=0,0,F7/B7) -> 0
A8: 5. Stack & Monotonic Stack | B8: =COUNTA('Practice 250'!D60:D71) -> 12 | C8: =COUNTIF('Practice 250'!E60:E71,"Easy") -> 0 | D8: =COUNTIF('Practice 250'!E60:E71,"Medium") -> 8 | E8: =COUNTIF('Practice 250'!E60:E71,"Hard") -> 4 | F8: =COUNTIF('Practice 250'!I60:I71,"Done") -> 0 | G8: =IF(B8=0,0,F8/B8) -> 0
A9: 6. Binary Search | B9: =COUNTA('Practice 250'!D73:D84) -> 12 | C9: =COUNTIF('Practice 250'!E73:E84,"Easy") -> 3 | D9: =COUNTIF('Practice 250'!E73:E84,"Medium") -> 6 | E9: =COUNTIF('Practice 250'!E73:E84,"Hard") -> 3 | F9: =COUNTIF('Practice 250'!I73:I84,"Done") -> 0 | G9: =IF(B9=0,0,F9/B9) -> 0
A10: 7. Linked List | B10: =COUNTA('Practice 250'!D86:D97) -> 12 | C10: =COUNTIF('Practice 250'!E86:E97,"Easy") -> 0 | D10: =COUNTIF('Practice 250'!E86:E97,"Medium") -> 10 | E10: =COUNTIF('Practice 250'!E86:E97,"Hard") -> 2 | F10: =COUNTIF('Practice 250'!I86:I97,"Done") -> 0 | G10: =IF(B10=0,0,F10/B10) -> 0
A11: 8. Strings & Pattern Matching | B11: =COUNTA('Practice 250'!D99:D110) -> 12 | C11: =COUNTIF('Practice 250'!E99:E110,"Easy") -> 5 | D11: =COUNTIF('Practice 250'!E99:E110,"Medium") -> 6 | E11: =COUNTIF('Practice 250'!E99:E110,"Hard") -> 1 | F11: =COUNTIF('Practice 250'!I99:I110,"Done") -> 0 | G11: =IF(B11=0,0,F11/B11) -> 0
A12: 9. Binary Trees | B12: =COUNTA('Practice 250'!D112:D125) -> 14 | C12: =COUNTIF('Practice 250'!E112:E125,"Easy") -> 1 | D12: =COUNTIF('Practice 250'!E112:E125,"Medium") -> 10 | E12: =COUNTIF('Practice 250'!E112:E125,"Hard") -> 3 | F12: =COUNTIF('Practice 250'!I112:I125,"Done") -> 0 | G12: =IF(B12=0,0,F12/B12) -> 0
A13: 10. Binary Search Trees | B13: =COUNTA('Practice 250'!D127:D134) -> 8 | C13: =COUNTIF('Practice 250'!E127:E134,"Easy") -> 1 | D13: =COUNTIF('Practice 250'!E127:E134,"Medium") -> 7 | E13: =COUNTIF('Practice 250'!E127:E134,"Hard") -> 0 | F13: =COUNTIF('Practice 250'!I127:I134,"Done") -> 0 | G13: =IF(B13=0,0,F13/B13) -> 0
A14: 11. Heap / Priority Queue | B14: =COUNTA('Practice 250'!D136:D147) -> 12 | C14: =COUNTIF('Practice 250'!E136:E147,"Easy") -> 0 | D14: =COUNTIF('Practice 250'!E136:E147,"Medium") -> 8 | E14: =COUNTIF('Practice 250'!E136:E147,"Hard") -> 4 | F14: =COUNTIF('Practice 250'!I136:I147,"Done") -> 0 | G14: =IF(B14=0,0,F14/B14) -> 0
A15: 12. Trie | B15: =COUNTA('Practice 250'!D149:D154) -> 6 | C15: =COUNTIF('Practice 250'!E149:E154,"Easy") -> 0 | D15: =COUNTIF('Practice 250'!E149:E154,"Medium") -> 5 | E15: =COUNTIF('Practice 250'!E149:E154,"Hard") -> 1 | F15: =COUNTIF('Practice 250'!I149:I154,"Done") -> 0 | G15: =IF(B15=0,0,F15/B15) -> 0
A16: 13. Backtracking | B16: =COUNTA('Practice 250'!D156:D165) -> 10 | C16: =COUNTIF('Practice 250'!E156:E165,"Easy") -> 0 | D16: =COUNTIF('Practice 250'!E156:E165,"Medium") -> 7 | E16: =COUNTIF('Practice 250'!E156:E165,"Hard") -> 3 | F16: =COUNTIF('Practice 250'!I156:I165,"Done") -> 0 | G16: =IF(B16=0,0,F16/B16) -> 0
A17: 14. Graphs: BFS & DFS | B17: =COUNTA('Practice 250'!D167:D180) -> 14 | C17: =COUNTIF('Practice 250'!E167:E180,"Easy") -> 1 | D17: =COUNTIF('Practice 250'!E167:E180,"Medium") -> 12 | E17: =COUNTIF('Practice 250'!E167:E180,"Hard") -> 1 | F17: =COUNTIF('Practice 250'!I167:I180,"Done") -> 0 | G17: =IF(B17=0,0,F17/B17) -> 0
A18: 15. Graphs: Topological Sort, Union-Find, Shortest Path | B18: =COUNTA('Practice 250'!D182:D195) -> 14 | C18: =COUNTIF('Practice 250'!E182:E195,"Easy") -> 0 | D18: =COUNTIF('Practice 250'!E182:E195,"Medium") -> 12 | E18: =COUNTIF('Practice 250'!E182:E195,"Hard") -> 2 | F18: =COUNTIF('Practice 250'!I182:I195,"Done") -> 0 | G18: =IF(B18=0,0,F18/B18) -> 0
A19: 16. 1D Dynamic Programming | B19: =COUNTA('Practice 250'!D197:D210) -> 14 | C19: =COUNTIF('Practice 250'!E197:E210,"Easy") -> 2 | D19: =COUNTIF('Practice 250'!E197:E210,"Medium") -> 10 | E19: =COUNTIF('Practice 250'!E197:E210,"Hard") -> 2 | F19: =COUNTIF('Practice 250'!I197:I210,"Done") -> 0 | G19: =IF(B19=0,0,F19/B19) -> 0
A20: 17. 2D / Grid & String DP | B20: =COUNTA('Practice 250'!D212:D223) -> 12 | C20: =COUNTIF('Practice 250'!E212:E223,"Easy") -> 0 | D20: =COUNTIF('Practice 250'!E212:E223,"Medium") -> 8 | E20: =COUNTIF('Practice 250'!E212:E223,"Hard") -> 4 | F20: =COUNTIF('Practice 250'!I212:I223,"Done") -> 0 | G20: =IF(B20=0,0,F20/B20) -> 0
A21: 18. Knapsack, Subsequence & Interval DP | B21: =COUNTA('Practice 250'!D225:D234) -> 10 | C21: =COUNTIF('Practice 250'!E225:E234,"Easy") -> 0 | D21: =COUNTIF('Practice 250'!E225:E234,"Medium") -> 6 | E21: =COUNTIF('Practice 250'!E225:E234,"Hard") -> 4 | F21: =COUNTIF('Practice 250'!I225:I234,"Done") -> 0 | G21: =IF(B21=0,0,F21/B21) -> 0
A22: 19. Greedy & Intervals | B22: =COUNTA('Practice 250'!D236:D247) -> 12 | C22: =COUNTIF('Practice 250'!E236:E247,"Easy") -> 3 | D22: =COUNTIF('Practice 250'!E236:E247,"Medium") -> 8 | E22: =COUNTIF('Practice 250'!E236:E247,"Hard") -> 1 | F22: =COUNTIF('Practice 250'!I236:I247,"Done") -> 0 | G22: =IF(B22=0,0,F22/B22) -> 0
A23: 20. Bit Manipulation | B23: =COUNTA('Practice 250'!D249:D256) -> 8 | C23: =COUNTIF('Practice 250'!E249:E256,"Easy") -> 3 | D23: =COUNTIF('Practice 250'!E249:E256,"Medium") -> 5 | E23: =COUNTIF('Practice 250'!E249:E256,"Hard") -> 0 | F23: =COUNTIF('Practice 250'!I249:I256,"Done") -> 0 | G23: =IF(B23=0,0,F23/B23) -> 0
A24: 21. Math & Number Theory | B24: =COUNTA('Practice 250'!D258:D265) -> 8 | C24: =COUNTIF('Practice 250'!E258:E265,"Easy") -> 1 | D24: =COUNTIF('Practice 250'!E258:E265,"Medium") -> 6 | E24: =COUNTIF('Practice 250'!E258:E265,"Hard") -> 1 | F24: =COUNTIF('Practice 250'!I258:I265,"Done") -> 0 | G24: =IF(B24=0,0,F24/B24) -> 0
A25: 22. Design (LLD-style) | B25: =COUNTA('Practice 250'!D267:D276) -> 10 | C25: =COUNTIF('Practice 250'!E267:E276,"Easy") -> 2 | D25: =COUNTIF('Practice 250'!E267:E276,"Medium") -> 6 | E25: =COUNTIF('Practice 250'!E267:E276,"Hard") -> 2 | F25: =COUNTIF('Practice 250'!I267:I276,"Done") -> 0 | G25: =IF(B25=0,0,F25/B25) -> 0
A26: TOTAL | B26: =SUM(B4:B25) -> 250 | C26: =SUM(C4:C25) -> 33 | D26: =SUM(D4:D25) -> 176 | E26: =SUM(E4:E25) -> 41 | F26: =SUM(F4:F25) -> 14 | G26: =IF(B26=0,0,F26/B26) -> 0.056
A28: Already solved (revision sheet) | B28: =COUNTA('Already Solved'!D5:D171) -> 154
A29: Grand total (solved + new) | B29: =B26+B28 -> 404
A31: Legend: yellow cells on the other sheets are yours to fill; everything else is pre-filled.
A32: Suggested pace: 3 problems/day = 250 in ~12 weeks; 5/day = ~7 weeks. Do Easy first inside each topic, then Medium, then Hard.
A33: Revision rule: any problem marked 'Revise' should be re-attempted after 3 days and again after 2 weeks.
A34: Interview-critical sub-topics for product MNCs: Arrays/Hashing, Sliding Window, Stack, Binary Search, Trees, Graphs, 1D+2D DP, Design.
A35: Companies column is indicative (based on public LeetCode company tags and interview reports), not a guarantee for any specific drive.

Sheet Practice 250
A1: LeetCode Practice Set - 250 new problems grouped by sub-topic (MNC interview focus)
A2: How to use: work top-to-bottom inside each sub-topic (ordered easy -> hard). Fill only the yellow cells: Status (Done / Revise / Skipped), Date, Attempts, Notes. Companies are indicative tags from LeetCode/interview reports, not guarantees. This list excludes every problem on the 'Already Solved' sheet.
A4: # | B4: Sub-topic | C4: LC # | D4: Problem | E4: Difficulty | F4: Pattern / Key idea | G4: Companies (indicative) | H4: Link | I4: Status | J4: Date solved | K4: Attempts | L4: Notes
A5: 1. Arrays & Hashing (18 problems)
A6: 1 | B6: Arrays & Hashing | C6: 217 | D6: Contains Duplicate | E6: Easy | F6: Hash set | G6: Amazon, Microsoft, Adobe | H6: =HYPERLINK("https://leetcode.com/problems/contains-duplicate/","Open") -> Open | I6: Done | J6: 2026-09-05 | K6: 1 | L6: Example row - overwrite with your own entry
A7: 2 | B7: Arrays & Hashing | C7: 219 | D7: Contains Duplicate II | E7: Easy | F7: Hash map + window of k | G7: Amazon, Google | H7: =HYPERLINK("https://leetcode.com/problems/contains-duplicate-ii/","Open") -> Open | I7: done
A8: 3 | B8: Arrays & Hashing | C8: 169 | D8: Majority Element | E8: Easy | F8: Boyer-Moore voting | G8: Amazon, Microsoft, Zoho | H8: =HYPERLINK("https://leetcode.com/problems/majority-element/","Open") -> Open | I8: Done
A9: 4 | B9: Arrays & Hashing | C9: 229 | D9: Majority Element II | E9: Medium | F9: Boyer-Moore (2 candidates) | G9: Google, Amazon | H9: =HYPERLINK("https://leetcode.com/problems/majority-element-ii/","Open") -> Open | I9: Done
A10: 5 | B10: Arrays & Hashing | C10: 448 | D10: Find All Numbers Disappeared in an Array | E10: Easy | F10: Index-as-hash (mark negatives) | G10: Amazon, Microsoft | H10: =HYPERLINK("https://leetcode.com/problems/find-all-numbers-disappeared-in-an-array/","Open") -> Open | I10: Done
A11: 6 | B11: Arrays & Hashing | C11: 442 | D11: Find All Duplicates in an Array | E11: Medium | F11: Index-as-hash | G11: Amazon, Goldman Sachs | H11: =HYPERLINK("https://leetcode.com/problems/find-all-duplicates-in-an-array/","Open") -> Open | I11: Done
A12: 7 | B12: Arrays & Hashing | C12: 287 | D12: Find the Duplicate Number | E12: Medium | F12: Floyd cycle detection on array | G12: Amazon, Microsoft, Google | H12: =HYPERLINK("https://leetcode.com/problems/find-the-duplicate-number/","Open") -> Open | I12: Done
A13: 8 | B13: Arrays & Hashing | C13: 41 | D13: First Missing Positive | E13: Hard | F13: Cyclic sort / index marking | G13: Amazon, Microsoft, Uber | H13: =HYPERLINK("https://leetcode.com/problems/first-missing-positive/","Open") -> Open | I13: Done
A14: 9 | B14: Arrays & Hashing | C14: 238 | D14: Product of Array Except Self | E14: Medium | F14: Prefix & suffix products | G14: Amazon, Microsoft, Meta, Visa | H14: =HYPERLINK("https://leetcode.com/problems/product-of-array-except-self/","Open") -> Open
A15: 10 | B15: Arrays & Hashing | C15: 128 | D15: Longest Consecutive Sequence | E15: Medium | F15: Hash set, start-of-run check | G15: Amazon, Google, Goldman Sachs | H15: =HYPERLINK("https://leetcode.com/problems/longest-consecutive-sequence/","Open") -> Open | I15: Done
A16: 11 | B16: Arrays & Hashing | C16: 560 | D16: Subarray Sum Equals K | E16: Medium | F16: Prefix sum + hash map | G16: Meta, Amazon, Google, Visa | H16: =HYPERLINK("https://leetcode.com/problems/subarray-sum-equals-k/","Open") -> Open | I16: Done
A17: 12 | B17: Arrays & Hashing | C17: 189 | D17: Rotate Array | E17: Medium | F17: Three reversals | G17: Microsoft, Amazon, Zoho | H17: =HYPERLINK("https://leetcode.com/problems/rotate-array/","Open") -> Open | I17: Done
A18: 13 | B18: Arrays & Hashing | C18: 75 | D18: Sort Colors | E18: Medium | F18: Dutch national flag | G18: Microsoft, Amazon, Adobe | H18: =HYPERLINK("https://leetcode.com/problems/sort-colors/","Open") -> Open | L18: do check it once very different approach
A19: 14 | B19: Arrays & Hashing | C19: 31 | D19: Next Permutation | E19: Medium | F19: Pivot + swap + reverse | G19: Google, Microsoft, Amazon | H19: =HYPERLINK("https://leetcode.com/problems/next-permutation/","Open") -> Open
A20: 15 | B20: Arrays & Hashing | C20: 73 | D20: Set Matrix Zeroes | E20: Medium | F20: First row/col as markers | G20: Amazon, Microsoft, Oracle | H20: =HYPERLINK("https://leetcode.com/problems/set-matrix-zeroes/","Open") -> Open | I20: Done
A21: 16 | B21: Arrays & Hashing | C21: 48 | D21: Rotate Image | E21: Medium | F21: Transpose + reverse rows | G21: Microsoft, Amazon, Apple | H21: =HYPERLINK("https://leetcode.com/problems/rotate-image/","Open") -> Open
A22: 17 | B22: Arrays & Hashing | C22: 54 | D22: Spiral Matrix | E22: Medium | F22: Boundary shrinking | G22: Microsoft, Amazon, Zoho | H22: =HYPERLINK("https://leetcode.com/problems/spiral-matrix/","Open") -> Open | I22: Done
A23: 18 | B23: Arrays & Hashing | C23: 36 | D23: Valid Sudoku | E23: Medium | F23: Hash sets per row/col/box | G23: Amazon, Apple, Uber | H23: =HYPERLINK("https://leetcode.com/problems/valid-sudoku/","Open") -> Open
A24: 2. Prefix Sum & Matrix (10 problems)
A25: 19 | B25: Prefix Sum & Matrix | C25: 1480 | D25: Running Sum of 1d Array | E25: Easy | F25: Prefix sum | G25: Amazon, Adobe | H25: =HYPERLINK("https://leetcode.com/problems/running-sum-of-1d-array/","Open") -> Open | I25: Done
A26: 20 | B26: Prefix Sum & Matrix | C26: 724 | D26: Find Pivot Index | E26: Easy | F26: Prefix sum | G26: Amazon, Microsoft | H26: =HYPERLINK("https://leetcode.com/problems/find-pivot-index/","Open") -> Open
A27: 21 | B27: Prefix Sum & Matrix | C27: 303 | D27: Range Sum Query - Immutable | E27: Easy | F27: Prefix sum array | G27: Amazon, Goldman Sachs | H27: =HYPERLINK("https://leetcode.com/problems/range-sum-query-immutable/","Open") -> Open
A28: 22 | B28: Prefix Sum & Matrix | C28: 304 | D28: Range Sum Query 2D - Immutable | E28: Medium | F28: 2D prefix sum | G28: Google, Amazon, Meta | H28: =HYPERLINK("https://leetcode.com/problems/range-sum-query-2d-immutable/","Open") -> Open
A29: 23 | B29: Prefix Sum & Matrix | C29: 523 | D29: Continuous Subarray Sum | E29: Medium | F29: Prefix sum mod k + hash map | G29: Meta, Amazon | H29: =HYPERLINK("https://leetcode.com/problems/continuous-subarray-sum/","Open") -> Open
A30: 24 | B30: Prefix Sum & Matrix | C30: 974 | D30: Subarray Sums Divisible by K | E30: Medium | F30: Prefix mod counting | G30: Amazon, Goldman Sachs | H30: =HYPERLINK("https://leetcode.com/problems/subarray-sums-divisible-by-k/","Open") -> Open
A31: 25 | B31: Prefix Sum & Matrix | C31: 525 | D31: Contiguous Array | E31: Medium | F31: Prefix sum with +1/-1 | G31: Meta, Amazon | H31: =HYPERLINK("https://leetcode.com/problems/contiguous-array/","Open") -> Open
A32: 26 | B32: Prefix Sum & Matrix | C32: 1109 | D32: Corporate Flight Bookings | E32: Medium | F32: Difference array | G32: Amazon, Uber | H32: =HYPERLINK("https://leetcode.com/problems/corporate-flight-bookings/","Open") -> Open
A33: 27 | B33: Prefix Sum & Matrix | C33: 59 | D33: Spiral Matrix II | E33: Medium | F33: Boundary fill | G33: Microsoft, Amazon | H33: =HYPERLINK("https://leetcode.com/problems/spiral-matrix-ii/","Open") -> Open
A34: 28 | B34: Prefix Sum & Matrix | C34: 240 | D34: Search a 2D Matrix II | E34: Medium | F34: Staircase search from top-right | G34: Amazon, Microsoft, Adobe | H34: =HYPERLINK("https://leetcode.com/problems/search-a-2d-matrix-ii/","Open") -> Open
A35: 3. Two Pointers (10 problems)
A36: 29 | B36: Two Pointers | C36: 977 | D36: Squares of a Sorted Array | E36: Easy | F36: Two pointers from ends | G36: Amazon, Meta | H36: =HYPERLINK("https://leetcode.com/problems/squares-of-a-sorted-array/","Open") -> Open
A37: 30 | B37: Two Pointers | C37: 680 | D37: Valid Palindrome II | E37: Easy | F37: Skip one char, two pointers | G37: Meta, Amazon, Microsoft | H37: =HYPERLINK("https://leetcode.com/problems/valid-palindrome-ii/","Open") -> Open
A38: 31 | B38: Two Pointers | C38: 80 | D38: Remove Duplicates from Sorted Array II | E38: Medium | F38: Slow/fast pointers | G38: Microsoft, Amazon | H38: =HYPERLINK("https://leetcode.com/problems/remove-duplicates-from-sorted-array-ii/","Open") -> Open
A39: 32 | B39: Two Pointers | C39: 18 | D39: 4Sum | E39: Medium | F39: Sort + nested two pointers | G39: Amazon, Adobe, Goldman Sachs | H39: =HYPERLINK("https://leetcode.com/problems/4sum/","Open") -> Open
A40: 33 | B40: Two Pointers | C40: 16 | D40: 3Sum Closest | E40: Medium | F40: Sort + two pointers | G40: Amazon, Microsoft | H40: =HYPERLINK("https://leetcode.com/problems/3sum-closest/","Open") -> Open
A41: 34 | B41: Two Pointers | C41: 1679 | D41: Max Number of K-Sum Pairs | E41: Medium | F41: Sort + two pointers / hash map | G41: Amazon | H41: =HYPERLINK("https://leetcode.com/problems/max-number-of-k-sum-pairs/","Open") -> Open
A42: 35 | B42: Two Pointers | C42: 844 | D42: Backspace String Compare | E42: Easy | F42: Reverse scan two pointers | G42: Google, Amazon | H42: =HYPERLINK("https://leetcode.com/problems/backspace-string-compare/","Open") -> Open
A43: 36 | B43: Two Pointers | C43: 881 | D43: Boats to Save People | E43: Medium | F43: Sort + greedy two pointers | G43: Amazon, Google | H43: =HYPERLINK("https://leetcode.com/problems/boats-to-save-people/","Open") -> Open
A44: 37 | B44: Two Pointers | C44: 986 | D44: Interval List Intersections | E44: Medium | F44: Merge-style two pointers | G44: Meta, Amazon, Uber | H44: =HYPERLINK("https://leetcode.com/problems/interval-list-intersections/","Open") -> Open
A45: 38 | B45: Two Pointers | C45: 948 | D45: Bag of Tokens | E45: Medium | F45: Sort + greedy two pointers | G45: Amazon, Google | H45: =HYPERLINK("https://leetcode.com/problems/bag-of-tokens/","Open") -> Open
A46: 4. Sliding Window (12 problems)
A47: 39 | B47: Sliding Window | C47: 643 | D47: Maximum Average Subarray I | E47: Easy | F47: Fixed window | G47: Amazon, Google | H47: =HYPERLINK("https://leetcode.com/problems/maximum-average-subarray-i/","Open") -> Open
A48: 40 | B48: Sliding Window | C48: 209 | D48: Minimum Size Subarray Sum | E48: Medium | F48: Variable window (shrink) | G48: Meta, Amazon, Microsoft | H48: =HYPERLINK("https://leetcode.com/problems/minimum-size-subarray-sum/","Open") -> Open
A49: 41 | B49: Sliding Window | C49: 1004 | D49: Max Consecutive Ones III | E49: Medium | F49: Window with k flips | G49: Meta, Amazon, Microsoft | H49: =HYPERLINK("https://leetcode.com/problems/max-consecutive-ones-iii/","Open") -> Open
A50: 42 | B50: Sliding Window | C50: 1456 | D50: Maximum Number of Vowels in a Substring of Given Length | E50: Medium | F50: Fixed window count | G50: Amazon | H50: =HYPERLINK("https://leetcode.com/problems/maximum-number-of-vowels-in-a-substring-of-given-length/","Open") -> Open
A51: 43 | B51: Sliding Window | C51: 438 | D51: Find All Anagrams in a String | E51: Medium | F51: Fixed window + frequency array | G51: Amazon, Microsoft, Meta | H51: =HYPERLINK("https://leetcode.com/problems/find-all-anagrams-in-a-string/","Open") -> Open
A52: 44 | B52: Sliding Window | C52: 904 | D52: Fruit Into Baskets | E52: Medium | F52: Longest window with 2 distinct | G52: Google, Amazon | H52: =HYPERLINK("https://leetcode.com/problems/fruit-into-baskets/","Open") -> Open
A53: 45 | B53: Sliding Window | C53: 1493 | D53: Longest Subarray of 1's After Deleting One Element | E53: Medium | F53: Window with at most one 0 | G53: Amazon, Google | H53: =HYPERLINK("https://leetcode.com/problems/longest-subarray-of-1s-after-deleting-one-element/","Open") -> Open
A54: 46 | B54: Sliding Window | C54: 930 | D54: Binary Subarrays With Sum | E54: Medium | F54: atMost(k) - atMost(k-1) | G54: Google, Amazon | H54: =HYPERLINK("https://leetcode.com/problems/binary-subarrays-with-sum/","Open") -> Open
A55: 47 | B55: Sliding Window | C55: 1248 | D55: Count Number of Nice Subarrays | E55: Medium | F55: atMost trick | G55: Amazon, Uber | H55: =HYPERLINK("https://leetcode.com/problems/count-number-of-nice-subarrays/","Open") -> Open
A56: 48 | B56: Sliding Window | C56: 1658 | D56: Minimum Operations to Reduce X to Zero | E56: Medium | F56: Longest subarray = total - x | G56: Amazon, Google | H56: =HYPERLINK("https://leetcode.com/problems/minimum-operations-to-reduce-x-to-zero/","Open") -> Open
A57: 49 | B57: Sliding Window | C57: 76 | D57: Minimum Window Substring | E57: Hard | F57: Variable window + need/have counts | G57: Meta, Amazon, Microsoft, Adobe | H57: =HYPERLINK("https://leetcode.com/problems/minimum-window-substring/","Open") -> Open
A58: 50 | B58: Sliding Window | C58: 992 | D58: Subarrays with K Different Integers | E58: Hard | F58: atMost(k) - atMost(k-1) | G58: Amazon, Google | H58: =HYPERLINK("https://leetcode.com/problems/subarrays-with-k-different-integers/","Open") -> Open
A59: 5. Stack & Monotonic Stack (12 problems)
A60: 51 | B60: Stack & Monotonic Stack | C60: 71 | D60: Simplify Path | E60: Medium | F60: Stack of path components | G60: Meta, Microsoft, Amazon | H60: =HYPERLINK("https://leetcode.com/problems/simplify-path/","Open") -> Open
A61: 52 | B61: Stack & Monotonic Stack | C61: 735 | D61: Asteroid Collision | E61: Medium | F61: Stack simulation | G61: Amazon, Uber, Adobe | H61: =HYPERLINK("https://leetcode.com/problems/asteroid-collision/","Open") -> Open
A62: 53 | B62: Stack & Monotonic Stack | C62: 1249 | D62: Minimum Remove to Make Valid Parentheses | E62: Medium | F62: Stack of indices | G62: Meta, Amazon, Microsoft | H62: =HYPERLINK("https://leetcode.com/problems/minimum-remove-to-make-valid-parentheses/","Open") -> Open
A63: 54 | B63: Stack & Monotonic Stack | C63: 402 | D63: Remove K Digits | E63: Medium | F63: Monotonic increasing stack | G63: Amazon, Microsoft, Google | H63: =HYPERLINK("https://leetcode.com/problems/remove-k-digits/","Open") -> Open
A64: 55 | B64: Stack & Monotonic Stack | C64: 853 | D64: Car Fleet | E64: Medium | F64: Sort + monotonic stack of times | G64: Google, Amazon | H64: =HYPERLINK("https://leetcode.com/problems/car-fleet/","Open") -> Open
A65: 56 | B65: Stack & Monotonic Stack | C65: 901 | D65: Online Stock Span | E65: Medium | F65: Monotonic stack (value, count) | G65: Amazon, Goldman Sachs | H65: =HYPERLINK("https://leetcode.com/problems/online-stock-span/","Open") -> Open
A66: 57 | B66: Stack & Monotonic Stack | C66: 907 | D66: Sum of Subarray Minimums | E66: Medium | F66: Prev/next smaller contribution | G66: Amazon, Google | H66: =HYPERLINK("https://leetcode.com/problems/sum-of-subarray-minimums/","Open") -> Open
A67: 58 | B67: Stack & Monotonic Stack | C67: 227 | D67: Basic Calculator II | E67: Medium | F67: Stack with operator precedence | G67: Meta, Amazon, Microsoft | H67: =HYPERLINK("https://leetcode.com/problems/basic-calculator-ii/","Open") -> Open
A68: 59 | B68: Stack & Monotonic Stack | C68: 224 | D68: Basic Calculator | E68: Hard | F68: Stack for parentheses & sign | G68: Meta, Google, Amazon | H68: =HYPERLINK("https://leetcode.com/problems/basic-calculator/","Open") -> Open
A69: 60 | B69: Stack & Monotonic Stack | C69: 84 | D69: Largest Rectangle in Histogram | E69: Hard | F69: Monotonic stack | G69: Amazon, Microsoft, Google | H69: =HYPERLINK("https://leetcode.com/problems/largest-rectangle-in-histogram/","Open") -> Open
A70: 61 | B70: Stack & Monotonic Stack | C70: 85 | D70: Maximal Rectangle | E70: Hard | F70: Histogram per row + LC 84 | G70: Amazon, Google | H70: =HYPERLINK("https://leetcode.com/problems/maximal-rectangle/","Open") -> Open
A71: 62 | B71: Stack & Monotonic Stack | C71: 32 | D71: Longest Valid Parentheses | E71: Hard | F71: Stack of indices / DP | G71: Amazon, Microsoft | H71: =HYPERLINK("https://leetcode.com/problems/longest-valid-parentheses/","Open") -> Open
A72: 6. Binary Search (12 problems)
A73: 63 | B73: Binary Search | C73: 704 | D73: Binary Search | E73: Easy | F73: Classic template | G73: Amazon, Microsoft | H73: =HYPERLINK("https://leetcode.com/problems/binary-search/","Open") -> Open
A74: 64 | B74: Binary Search | C74: 35 | D74: Search Insert Position | E74: Easy | F74: Lower bound | G74: Amazon, Microsoft | H74: =HYPERLINK("https://leetcode.com/problems/search-insert-position/","Open") -> Open
A75: 65 | B75: Binary Search | C75: 1539 | D75: Kth Missing Positive Number | E75: Easy | F75: Binary search on missing count | G75: Meta, Amazon | H75: =HYPERLINK("https://leetcode.com/problems/kth-missing-positive-number/","Open") -> Open
A76: 66 | B76: Binary Search | C76: 74 | D76: Search a 2D Matrix | E76: Medium | F76: Treat matrix as 1D array | G76: Amazon, Microsoft, Adobe | H76: =HYPERLINK("https://leetcode.com/problems/search-a-2d-matrix/","Open") -> Open
A77: 67 | B77: Binary Search | C77: 81 | D77: Search in Rotated Sorted Array II | E77: Medium | F77: Rotated BS with duplicates | G77: Amazon, Microsoft | H77: =HYPERLINK("https://leetcode.com/problems/search-in-rotated-sorted-array-ii/","Open") -> Open
A78: 68 | B78: Binary Search | C78: 154 | D78: Find Minimum in Rotated Sorted Array II | E78: Hard | F78: Rotated BS with duplicates | G78: Amazon, Microsoft | H78: =HYPERLINK("https://leetcode.com/problems/find-minimum-in-rotated-sorted-array-ii/","Open") -> Open
A79: 69 | B79: Binary Search | C79: 875 | D79: Koko Eating Bananas | E79: Medium | F79: Binary search on answer | G79: Google, Amazon, Meta | H79: =HYPERLINK("https://leetcode.com/problems/koko-eating-bananas/","Open") -> Open
A80: 70 | B80: Binary Search | C80: 1011 | D80: Capacity To Ship Packages Within D Days | E80: Medium | F80: Binary search on answer | G80: Amazon, Google | H80: =HYPERLINK("https://leetcode.com/problems/capacity-to-ship-packages-within-d-days/","Open") -> Open
A81: 71 | B81: Binary Search | C81: 1283 | D81: Find the Smallest Divisor Given a Threshold | E81: Medium | F81: Binary search on answer | G81: Amazon, Walmart | H81: =HYPERLINK("https://leetcode.com/problems/find-the-smallest-divisor-given-a-threshold/","Open") -> Open
A82: 72 | B82: Binary Search | C82: 1482 | D82: Minimum Number of Days to Make m Bouquets | E82: Medium | F82: Binary search on answer | G82: Amazon, Google | H82: =HYPERLINK("https://leetcode.com/problems/minimum-number-of-days-to-make-m-bouquets/","Open") -> Open
A83: 73 | B83: Binary Search | C83: 410 | D83: Split Array Largest Sum | E83: Hard | F83: Binary search on answer + greedy | G83: Google, Amazon, Meta | H83: =HYPERLINK("https://leetcode.com/problems/split-array-largest-sum/","Open") -> Open
A84: 74 | B84: Binary Search | C84: 4 | D84: Median of Two Sorted Arrays | E84: Hard | F84: Partition binary search | G84: Amazon, Microsoft, Google, Goldman Sachs | H84: =HYPERLINK("https://leetcode.com/problems/median-of-two-sorted-arrays/","Open") -> Open
A85: 7. Linked List (12 problems)
A86: 75 | B86: Linked List | C86: 142 | D86: Linked List Cycle II | E86: Medium | F86: Floyd, find cycle start | G86: Amazon, Microsoft | H86: =HYPERLINK("https://leetcode.com/problems/linked-list-cycle-ii/","Open") -> Open
A87: 76 | B87: Linked List | C87: 82 | D87: Remove Duplicates from Sorted List II | E87: Medium | F87: Dummy head + skip runs | G87: Amazon, Microsoft | H87: =HYPERLINK("https://leetcode.com/problems/remove-duplicates-from-sorted-list-ii/","Open") -> Open
A88: 77 | B88: Linked List | C88: 86 | D88: Partition List | E88: Medium | F88: Two dummy lists | G88: Amazon, Microsoft | H88: =HYPERLINK("https://leetcode.com/problems/partition-list/","Open") -> Open
A89: 78 | B89: Linked List | C89: 92 | D89: Reverse Linked List II | E89: Medium | F89: Reverse sublist in place | G89: Amazon, Microsoft, Meta | H89: =HYPERLINK("https://leetcode.com/problems/reverse-linked-list-ii/","Open") -> Open
A90: 79 | B90: Linked List | C90: 143 | D90: Reorder List | E90: Medium | F90: Middle + reverse + merge | G90: Amazon, Meta, Microsoft | H90: =HYPERLINK("https://leetcode.com/problems/reorder-list/","Open") -> Open
A91: 80 | B91: Linked List | C91: 2095 | D91: Delete the Middle Node of a Linked List | E91: Medium | F91: Slow/fast pointers | G91: Amazon | H91: =HYPERLINK("https://leetcode.com/problems/delete-the-middle-node-of-a-linked-list/","Open") -> Open
A92: 81 | B92: Linked List | C92: 445 | D92: Add Two Numbers II | E92: Medium | F92: Stacks / reverse | G92: Amazon, Microsoft, Bloomberg | H92: =HYPERLINK("https://leetcode.com/problems/add-two-numbers-ii/","Open") -> Open
A93: 82 | B93: Linked List | C93: 138 | D93: Copy List with Random Pointer | E93: Medium | F93: Interleave nodes / hash map | G93: Amazon, Microsoft, Meta | H93: =HYPERLINK("https://leetcode.com/problems/copy-list-with-random-pointer/","Open") -> Open
A94: 83 | B94: Linked List | C94: 148 | D94: Sort List | E94: Medium | F94: Merge sort on linked list | G94: Amazon, Microsoft | H94: =HYPERLINK("https://leetcode.com/problems/sort-list/","Open") -> Open
A95: 84 | B95: Linked List | C95: 430 | D95: Flatten a Multilevel Doubly Linked List | E95: Medium | F95: DFS with stack | G95: Amazon, Microsoft | H95: =HYPERLINK("https://leetcode.com/problems/flatten-a-multilevel-doubly-linked-list/","Open") -> Open
A96: 85 | B96: Linked List | C96: 25 | D96: Reverse Nodes in k-Group | E96: Hard | F96: Group-wise reversal | G96: Amazon, Microsoft, Meta | H96: =HYPERLINK("https://leetcode.com/problems/reverse-nodes-in-k-group/","Open") -> Open
A97: 86 | B97: Linked List | C97: 23 | D97: Merge k Sorted Lists | E97: Hard | F97: Min-heap / divide & conquer | G97: Amazon, Microsoft, Meta, Google | H97: =HYPERLINK("https://leetcode.com/problems/merge-k-sorted-lists/","Open") -> Open
A98: 8. Strings & Pattern Matching (12 problems)
A99: 87 | B99: Strings & Pattern Matching | C99: 13 | D99: Roman to Integer | E99: Easy | F99: Map + lookahead | G99: Amazon, Microsoft, Zoho | H99: =HYPERLINK("https://leetcode.com/problems/roman-to-integer/","Open") -> Open
A100: 88 | B100: Strings & Pattern Matching | C100: 12 | D100: Integer to Roman | E100: Medium | F100: Greedy value table | G100: Amazon, Microsoft | H100: =HYPERLINK("https://leetcode.com/problems/integer-to-roman/","Open") -> Open
A101: 89 | B101: Strings & Pattern Matching | C101: 67 | D101: Add Binary | E101: Easy | F101: Carry simulation | G101: Meta, Amazon, Microsoft | H101: =HYPERLINK("https://leetcode.com/problems/add-binary/","Open") -> Open
...

Sheet Already Solved
A1: Problems you have already practiced - with LeetCode numbers
A2: Use this sheet for revision. Suggested: re-solve every Medium/Hard here once without looking at notes before interviews.
A4: # | B4: Sub-topic | C4: LC # | D4: Problem | E4: Difficulty | F4: Link | G4: Revised?
A5: Arrays (9)
A6: 1 | B6: Arrays | C6: 26 | D6: Remove Duplicates from Sorted Array | E6: Easy | F6: =HYPERLINK("https://leetcode.com/problems/remove-duplicates-from-sorted-array/","Open") -> Open
A7: 2 | B7: Arrays | C7: 27 | D7: Remove Element | E7: Easy | F7: =HYPERLINK("https://leetcode.com/problems/remove-element/","Open") -> Open
A8: 3 | B8: Arrays | C8: 344 | D8: Reverse String | E8: Easy | F8: =HYPERLINK("https://leetcode.com/problems/reverse-string/","Open") -> Open
A9: 4 | B9: Arrays | C9: 121 | D9: Best Time to Buy and Sell Stock | E9: Easy | F9: =HYPERLINK("https://leetcode.com/problems/best-time-to-buy-and-sell-stock/","Open") -> Open
A10: 5 | B10: Arrays | C10: 88 | D10: Merge Sorted Array | E10: Easy | F10: =HYPERLINK("https://leetcode.com/problems/merge-sorted-array/","Open") -> Open
A11: 6 | B11: Arrays | C11: 283 | D11: Move Zeroes | E11: Easy | F11: =HYPERLINK("https://leetcode.com/problems/move-zeroes/","Open") -> Open
A12: 7 | B12: Arrays | C12: 485 | D12: Max Consecutive Ones | E12: Easy | F12: =HYPERLINK("https://leetcode.com/problems/max-consecutive-ones/","Open") -> Open
A13: 8 | B13: Arrays | C13: 268 | D13: Missing Number | E13: Easy | F13: =HYPERLINK("https://leetcode.com/problems/missing-number/","Open") -> Open
A14: 9 | B14: Arrays | C14: 136 | D14: Single Number | E14: Easy | F14: =HYPERLINK("https://leetcode.com/problems/single-number/","Open") -> Open
A15: Linked List (14)
A16: 10 | B16: Linked List | C16: 707 | D16: Design Linked List | E16: Medium | F16: =HYPERLINK("https://leetcode.com/problems/design-linked-list/","Open") -> Open
A17: 11 | B17: Linked List | C17: 876 | D17: Middle of the Linked List | E17: Easy | F17: =HYPERLINK("https://leetcode.com/problems/middle-of-the-linked-list/","Open") -> Open
A18: 12 | B18: Linked List | C18: 206 | D18: Reverse Linked List | E18: Easy | F18: =HYPERLINK("https://leetcode.com/problems/reverse-linked-list/","Open") -> Open
A19: 13 | B19: Linked List | C19: 141 | D19: Linked List Cycle | E19: Easy | F19: =HYPERLINK("https://leetcode.com/problems/linked-list-cycle/","Open") -> Open
A20: 14 | B20: Linked List | C20: 234 | D20: Palindrome Linked List | E20: Easy | F20: =HYPERLINK("https://leetcode.com/problems/palindrome-linked-list/","Open") -> Open
A21: 15 | B21: Linked List | C21: 160 | D21: Intersection of Two Linked Lists | E21: Easy | F21: =HYPERLINK("https://leetcode.com/problems/intersection-of-two-linked-lists/","Open") -> Open
A22: 16 | B22: Linked List | C22: 203 | D22: Remove Linked List Elements | E22: Easy | F22: =HYPERLINK("https://leetcode.com/problems/remove-linked-list-elements/","Open") -> Open
A23: 17 | B23: Linked List | C23: 19 | D23: Remove Nth Node From End of List | E23: Medium | F23: =HYPERLINK("https://leetcode.com/problems/remove-nth-node-from-end-of-list/","Open") -> Open
A24: 18 | B24: Linked List | C24: 83 | D24: Remove Duplicates from Sorted List | E24: Easy | F24: =HYPERLINK("https://leetcode.com/problems/remove-duplicates-from-sorted-list/","Open") -> Open
A25: 19 | B25: Linked List | C25: 328 | D25: Odd Even Linked List | E25: Medium | F25: =HYPERLINK("https://leetcode.com/problems/odd-even-linked-list/","Open") -> Open
A26: 20 | B26: Linked List | C26: 2 | D26: Add Two Numbers | E26: Medium | F26: =HYPERLINK("https://leetcode.com/problems/add-two-numbers/","Open") -> Open
A27: 21 | B27: Linked List | C27: 21 | D27: Merge Two Sorted Lists | E27: Easy | F27: =HYPERLINK("https://leetcode.com/problems/merge-two-sorted-lists/","Open") -> Open
A28: 22 | B28: Linked List | C28: 61 | D28: Rotate List | E28: Medium | F28: =HYPERLINK("https://leetcode.com/problems/rotate-list/","Open") -> Open
A29: 23 | B29: Linked List | C29: 24 | D29: Swap Nodes in Pairs | E29: Medium | F29: =HYPERLINK("https://leetcode.com/problems/swap-nodes-in-pairs/","Open") -> Open
A30: Strings (19)
A31: 24 | B31: Strings | C31: 58 | D31: Length of Last Word | E31: Easy | F31: =HYPERLINK("https://leetcode.com/problems/length-of-last-word/","Open") -> Open
A32: 25 | B32: Strings | C32: 2942 | D32: Find Words Containing Character | E32: Easy | F32: =HYPERLINK("https://leetcode.com/problems/find-words-containing-character/","Open") -> Open
A33: 26 | B33: Strings | C33: 771 | D33: Jewels and Stones | E33: Easy | F33: =HYPERLINK("https://leetcode.com/problems/jewels-and-stones/","Open") -> Open
A34: 27 | B34: Strings | C34: 3541 | D34: Find Most Frequent Vowel and Consonant | E34: Easy | F34: =HYPERLINK("https://leetcode.com/problems/find-most-frequent-vowel-and-consonant/","Open") -> Open
A35: 28 | B35: Strings | C35: 1221 | D35: Split a String in Balanced Strings | E35: Easy | F35: =HYPERLINK("https://leetcode.com/problems/split-a-string-in-balanced-strings/","Open") -> Open
A36: 29 | B36: Strings | C36: 541 | D36: Reverse String II | E36: Easy | F36: =HYPERLINK("https://leetcode.com/problems/reverse-string-ii/","Open") -> Open
A37: 30 | B37: Strings | C37: 125 | D37: Valid Palindrome | E37: Easy | F37: =HYPERLINK("https://leetcode.com/problems/valid-palindrome/","Open") -> Open
A38: 31 | B38: Strings | C38: 1903 | D38: Largest Odd Number in String | E38: Easy | F38: =HYPERLINK("https://leetcode.com/problems/largest-odd-number-in-string/","Open") -> Open
A39: 32 | B39: Strings | C39: 14 | D39: Longest Common Prefix | E39: Easy | F39: =HYPERLINK("https://leetcode.com/problems/longest-common-prefix/","Open") -> Open
A40: 33 | B40: Strings | C40: 242 | D40: Valid Anagram | E40: Easy | F40: =HYPERLINK("https://leetcode.com/problems/valid-anagram/","Open") -> Open
A41: 34 | B41: Strings | C41: 205 | D41: Isomorphic Strings | E41: Easy | F41: =HYPERLINK("https://leetcode.com/problems/isomorphic-strings/","Open") -> Open
A42: 35 | B42: Strings | C42: 49 | D42: Group Anagrams | E42: Medium | F42: =HYPERLINK("https://leetcode.com/problems/group-anagrams/","Open") -> Open
A43: 36 | B43: Strings | C43: 921 | D43: Minimum Add to Make Parentheses Valid | E43: Medium | F43: =HYPERLINK("https://leetcode.com/problems/minimum-add-to-make-parentheses-valid/","Open") -> Open
A44: 37 | B44: Strings | C44: 151 | D44: Reverse Words in a String | E44: Medium | F44: =HYPERLINK("https://leetcode.com/problems/reverse-words-in-a-string/","Open") -> Open
A45: 38 | B45: Strings | C45: 1781 | D45: Sum of Beauty of All Substrings | E45: Medium | F45: =HYPERLINK("https://leetcode.com/problems/sum-of-beauty-of-all-substrings/","Open") -> Open
A46: 39 | B46: Strings | C46: 394 | D46: Decode String | E46: Medium | F46: =HYPERLINK("https://leetcode.com/problems/decode-string/","Open") -> Open
A47: 40 | B47: Strings | C47: 38 | D47: Count and Say | E47: Medium | F47: =HYPERLINK("https://leetcode.com/problems/count-and-say/","Open") -> Open
A48: 41 | B48: Strings | C48: 767 | D48: Reorganize String | E48: Medium | F48: =HYPERLINK("https://leetcode.com/problems/reorganize-string/","Open") -> Open
A49: 42 | B49: Strings | C49: 686 | D49: Repeated String Match | E49: Medium | F49: =HYPERLINK("https://leetcode.com/problems/repeated-string-match/","Open") -> Open
A50: Stack & Queue (10)
A51: 43 | B51: Stack & Queue | C51: 225 | D51: Implement Stack using Queues | E51: Easy | F51: =HYPERLINK("https://leetcode.com/problems/implement-stack-using-queues/","Open") -> Open
A52: 44 | B52: Stack & Queue | C52: 232 | D52: Implement Queue using Stacks | E52: Easy | F52: =HYPERLINK("https://leetcode.com/problems/implement-queue-using-stacks/","Open") -> Open
A53: 45 | B53: Stack & Queue | C53: 20 | D53: Valid Parentheses | E53: Easy | F53: =HYPERLINK("https://leetcode.com/problems/valid-parentheses/","Open") -> Open
A54: 46 | B54: Stack & Queue | C54: 155 | D54: Min Stack | E54: Medium | F54: =HYPERLINK("https://leetcode.com/problems/min-stack/","Open") -> Open
A55: 47 | B55: Stack & Queue | C55: 1021 | D55: Remove Outermost Parentheses | E55: Easy | F55: =HYPERLINK("https://leetcode.com/problems/remove-outermost-parentheses/","Open") -> Open
A56: 48 | B56: Stack & Queue | C56: 150 | D56: Evaluate Reverse Polish Notation | E56: Medium | F56: =HYPERLINK("https://leetcode.com/problems/evaluate-reverse-polish-notation/","Open") -> Open
A57: 49 | B57: Stack & Queue | C57: 496 | D57: Next Greater Element I | E57: Easy | F57: =HYPERLINK("https://leetcode.com/problems/next-greater-element-i/","Open") -> Open
A58: 50 | B58: Stack & Queue | C58: 739 | D58: Daily Temperatures | E58: Medium | F58: =HYPERLINK("https://leetcode.com/problems/daily-temperatures/","Open") -> Open
A59: 51 | B59: Stack & Queue | C59: 503 | D59: Next Greater Element II | E59: Medium | F59: =HYPERLINK("https://leetcode.com/problems/next-greater-element-ii/","Open") -> Open
A60: 52 | B60: Stack & Queue | C60: 994 | D60: Rotting Oranges | E60: Medium | F60: =HYPERLINK("https://leetcode.com/problems/rotting-oranges/","Open") -> Open
A61: Binary Search (10)
A62: 53 | B62: Binary Search | C62: 69 | D62: Sqrt(x) | E62: Easy | F62: =HYPERLINK("https://leetcode.com/problems/sqrtx/","Open") -> Open
A63: 54 | B63: Binary Search | C63: 374 | D63: Guess Number Higher or Lower | E63: Easy | F63: =HYPERLINK("https://leetcode.com/problems/guess-number-higher-or-lower/","Open") -> Open
A64: 55 | B64: Binary Search | C64: 33 | D64: Search in Rotated Sorted Array | E64: Medium | F64: =HYPERLINK("https://leetcode.com/problems/search-in-rotated-sorted-array/","Open") -> Open
A65: 56 | B65: Binary Search | C65: 278 | D65: First Bad Version | E65: Easy | F65: =HYPERLINK("https://leetcode.com/problems/first-bad-version/","Open") -> Open
A66: 57 | B66: Binary Search | C66: 162 | D66: Find Peak Element | E66: Medium | F66: =HYPERLINK("https://leetcode.com/problems/find-peak-element/","Open") -> Open
A67: 58 | B67: Binary Search | C67: 153 | D67: Find Minimum in Rotated Sorted Array | E67: Medium | F67: =HYPERLINK("https://leetcode.com/problems/find-minimum-in-rotated-sorted-array/","Open") -> Open
A68: 59 | B68: Binary Search | C68: 34 | D68: Find First and Last Position of Element in Sorted Array | E68: Medium | F68: =HYPERLINK("https://leetcode.com/problems/find-first-and-last-position-of-element-in-sorted-array/","Open") -> Open
A69: 60 | B69: Binary Search | C69: 852 | D69: Peak Index in a Mountain Array | E69: Medium | F69: =HYPERLINK("https://leetcode.com/problems/peak-index-in-a-mountain-array/","Open") -> Open
A70: 61 | B70: Binary Search | C70: 540 | D70: Single Element in a Sorted Array | E70: Medium | F70: =HYPERLINK("https://leetcode.com/problems/single-element-in-a-sorted-array/","Open") -> Open
A71: 62 | B71: Binary Search | C71: 658 | D71: Find K Closest Elements | E71: Medium | F71: =HYPERLINK("https://leetcode.com/problems/find-k-closest-elements/","Open") -> Open
A72: Two Pointers & Sliding Window (11)
A73: 63 | B73: Two Pointers & Sliding Window | C73: 1 | D73: Two Sum | E73: Easy | F73: =HYPERLINK("https://leetcode.com/problems/two-sum/","Open") -> Open
A74: 64 | B74: Two Pointers & Sliding Window | C74: 167 | D74: Two Sum II - Input Array Is Sorted | E74: Medium | F74: =HYPERLINK("https://leetcode.com/problems/two-sum-ii-input-array-is-sorted/","Open") -> Open
A75: 65 | B75: Two Pointers & Sliding Window | C75: 392 | D75: Is Subsequence | E75: Easy | F75: =HYPERLINK("https://leetcode.com/problems/is-subsequence/","Open") -> Open
A76: 66 | B76: Two Pointers & Sliding Window | C76: 28 | D76: Find the Index of the First Occurrence in a String | E76: Easy | F76: =HYPERLINK("https://leetcode.com/problems/find-the-index-of-the-first-occurrence-in-a-string/","Open") -> Open
A77: 67 | B77: Two Pointers & Sliding Window | C77: 11 | D77: Container With Most Water | E77: Medium | F77: =HYPERLINK("https://leetcode.com/problems/container-with-most-water/","Open") -> Open
A78: 68 | B78: Two Pointers & Sliding Window | C78: 15 | D78: 3Sum | E78: Medium | F78: =HYPERLINK("https://leetcode.com/problems/3sum/","Open") -> Open
A79: 69 | B79: Two Pointers & Sliding Window | C79: 42 | D79: Trapping Rain Water | E79: Hard | F79: =HYPERLINK("https://leetcode.com/problems/trapping-rain-water/","Open") -> Open
A80: 70 | B80: Two Pointers & Sliding Window | C80: 3 | D80: Longest Substring Without Repeating Characters | E80: Medium | F80: =HYPERLINK("https://leetcode.com/problems/longest-substring-without-repeating-characters/","Open") -> Open
A81: 71 | B81: Two Pointers & Sliding Window | C81: 424 | D81: Longest Repeating Character Replacement | E81: Medium | F81: =HYPERLINK("https://leetcode.com/problems/longest-repeating-character-replacement/","Open") -> Open
A82: 72 | B82: Two Pointers & Sliding Window | C82: 567 | D82: Permutation in String | E82: Medium | F82: =HYPERLINK("https://leetcode.com/problems/permutation-in-string/","Open") -> Open
A83: 73 | B83: Two Pointers & Sliding Window | C83: 239 | D83: Sliding Window Maximum | E83: Hard | F83: =HYPERLINK("https://leetcode.com/problems/sliding-window-maximum/","Open") -> Open
A84: Binary Trees (18)
A85: 74 | B85: Binary Trees | C85: 144 | D85: Binary Tree Preorder Traversal | E85: Easy | F85: =HYPERLINK("https://leetcode.com/problems/binary-tree-preorder-traversal/","Open") -> Open
A86: 75 | B86: Binary Trees | C86: 94 | D86: Binary Tree Inorder Traversal | E86: Easy | F86: =HYPERLINK("https://leetcode.com/problems/binary-tree-inorder-traversal/","Open") -> Open
A87: 76 | B87: Binary Trees | C87: 145 | D87: Binary Tree Postorder Traversal | E87: Easy | F87: =HYPERLINK("https://leetcode.com/problems/binary-tree-postorder-traversal/","Open") -> Open
A88: 77 | B88: Binary Trees | C88: 102 | D88: Binary Tree Level Order Traversal | E88: Medium | F88: =HYPERLINK("https://leetcode.com/problems/binary-tree-level-order-traversal/","Open") -> Open
A89: 78 | B89: Binary Trees | C89: 104 | D89: Maximum Depth of Binary Tree | E89: Easy | F89: =HYPERLINK("https://leetcode.com/problems/maximum-depth-of-binary-tree/","Open") -> Open
A90: 79 | B90: Binary Trees | C90: 112 | D90: Path Sum | E90: Easy | F90: =HYPERLINK("https://leetcode.com/problems/path-sum/","Open") -> Open
A91: 80 | B91: Binary Trees | C91: 101 | D91: Symmetric Tree | E91: Easy | F91: =HYPERLINK("https://leetcode.com/problems/symmetric-tree/","Open") -> Open
A92: 81 | B92: Binary Trees | C92: 226 | D92: Invert Binary Tree | E92: Easy | F92: =HYPERLINK("https://leetcode.com/problems/invert-binary-tree/","Open") -> Open
A93: 82 | B93: Binary Trees | C93: 100 | D93: Same Tree | E93: Easy | F93: =HYPERLINK("https://leetcode.com/problems/same-tree/","Open") -> Open
A94: 83 | B94: Binary Trees | C94: 110 | D94: Balanced Binary Tree | E94: Easy | F94: =HYPERLINK("https://leetcode.com/problems/balanced-binary-tree/","Open") -> Open
A95: 84 | B95: Binary Trees | C95: 543 | D95: Diameter of Binary Tree | E95: Easy | F95: =HYPERLINK("https://leetcode.com/problems/diameter-of-binary-tree/","Open") -> Open
A96: 85 | B96: Binary Trees | C96: 103 | D96: Binary Tree Zigzag Level Order Traversal | E96: Medium | F96: =HYPERLINK("https://leetcode.com/problems/binary-tree-zigzag-level-order-traversal/","Open") -> Open
A97: 86 | B97: Binary Trees | C97: 572 | D97: Subtree of Another Tree | E97: Easy | F97: =HYPERLINK("https://leetcode.com/problems/subtree-of-another-tree/","Open") -> Open
A98: 87 | B98: Binary Trees | C98: 236 | D98: Lowest Common Ancestor of a Binary Tree | E98: Medium | F98: =HYPERLINK("https://leetcode.com/problems/lowest-common-ancestor-of-a-binary-tree/","Open") -> Open
A99: 88 | B99: Binary Trees | C99: 199 | D99: Binary Tree Right Side View | E99: Medium | F99: =HYPERLINK("https://leetcode.com/problems/binary-tree-right-side-view/","Open") -> Open
A100: 89 | B100: Binary Trees | C100: 1448 | D100: Count Good Nodes in Binary Tree | E100: Medium | F100: =HYPERLINK("https://leetcode.com/problems/count-good-nodes-in-binary-tree/","Open") -> Open
A101: 90 | B101: Binary Trees | C101: 116 | D101: Populating Next Right Pointers in Each Node | E101: Medium | F101: =HYPERLINK("https://leetcode.com/problems/populating-next-right-pointers-in-each-node/","Open") -> Open
...
